user_id,skill_id
af17c696-ba64-4854-9efd-81415e39dd01,41
af17c696-ba64-4854-9efd-81415e39dd01,44
af17c696-ba64-4854-9efd-81415e39dd01,33
5110f47e-53ea-4e3a-9019-bb8cd731deab,31
5110f47e-53ea-4e3a-9019-bb8cd731deab,13
5110f47e-53ea-4e3a-9019-bb8cd731deab,3
5110f47e-53ea-4e3a-9019-bb8cd731deab,47
5110f47e-53ea-4e3a-9019-bb8cd731deab,49
5110f47e-53ea-4e3a-9019-bb8cd731deab,21
5110f47e-53ea-4e3a-9019-bb8cd731deab,14
5110f47e-53ea-4e3a-9019-bb8cd731deab,9
28ace9fa-6d06-4c98-838d-017dd557bd7c,50
28ace9fa-6d06-4c98-838d-017dd557bd7c,32
28ace9fa-6d06-4c98-838d-017dd557bd7c,40
28ace9fa-6d06-4c98-838d-017dd557bd7c,23
28ace9fa-6d06-4c98-838d-017dd557bd7c,41
28ace9fa-6d06-4c98-838d-017dd557bd7c,10
28ace9fa-6d06-4c98-838d-017dd557bd7c,20
0fe9f65b-4b5a-44e0-af51-2c3d0a2ecf42,45
0fe9f65b-4b5a-44e0-af51-2c3d0a2ecf42,8
0fe9f65b-4b5a-44e0-af51-2c3d0a2ecf42,40
0fe9f65b-4b5a-44e0-af51-2c3d0a2ecf42,9
0fe9f65b-4b5a-44e0-af51-2c3d0a2ecf42,21
0fe9f65b-4b5a-44e0-af51-2c3d0a2ecf42,39
0fe9f65b-4b5a-44e0-af51-2c3d0a2ecf42,25
85b7116f-31b8-46e3-96fb-cae07e276b23,45
85b7116f-31b8-46e3-96fb-cae07e276b23,4
85b7116f-31b8-46e3-96fb-cae07e276b23,12
85b7116f-31b8-46e3-96fb-cae07e276b23,11
85b7116f-31b8-46e3-96fb-cae07e276b23,28
85b7116f-31b8-46e3-96fb-cae07e276b23,18
8021b364-e715-43c2-a34a-186a16568c01,10
8021b364-e715-43c2-a34a-186a16568c01,47
8021b364-e715-43c2-a34a-186a16568c01,4
8021b364-e715-43c2-a34a-186a16568c01,20
8021b364-e715-43c2-a34a-186a16568c01,37
d233fe81-f092-400b-b2cd-27d86e2b18e6,22
d233fe81-f092-400b-b2cd-27d86e2b18e6,26
d233fe81-f092-400b-b2cd-27d86e2b18e6,16
258e5aa7-2618-489d-bd99-3b286be9a7bd,21
258e5aa7-2618-489d-bd99-3b286be9a7bd,12
258e5aa7-2618-489d-bd99-3b286be9a7bd,33
258e5aa7-2618-489d-bd99-3b286be9a7bd,38
258e5aa7-2618-489d-bd99-3b286be9a7bd,28
258e5aa7-2618-489d-bd99-3b286be9a7bd,13
258e5aa7-2618-489d-bd99-3b286be9a7bd,44
93e540b6-4e1a-4f29-81bc-94a5bacef48a,46
93e540b6-4e1a-4f29-81bc-94a5bacef48a,21
93e540b6-4e1a-4f29-81bc-94a5bacef48a,49
93e540b6-4e1a-4f29-81bc-94a5bacef48a,16
93e540b6-4e1a-4f29-81bc-94a5bacef48a,4
93e540b6-4e1a-4f29-81bc-94a5bacef48a,50
93e540b6-4e1a-4f29-81bc-94a5bacef48a,1
ce403f8c-3c94-452f-9321-d1d9ba21d71c,6
ce403f8c-3c94-452f-9321-d1d9ba21d71c,46
ce403f8c-3c94-452f-9321-d1d9ba21d71c,13
ce403f8c-3c94-452f-9321-d1d9ba21d71c,9
ce403f8c-3c94-452f-9321-d1d9ba21d71c,20
ce403f8c-3c94-452f-9321-d1d9ba21d71c,42
72a50050-7ed9-44f1-a4ed-bb25307034b7,20
72a50050-7ed9-44f1-a4ed-bb25307034b7,15
72a50050-7ed9-44f1-a4ed-bb25307034b7,47
72a50050-7ed9-44f1-a4ed-bb25307034b7,17
72a50050-7ed9-44f1-a4ed-bb25307034b7,35
72a50050-7ed9-44f1-a4ed-bb25307034b7,31
72a50050-7ed9-44f1-a4ed-bb25307034b7,10
2882aae2-7e43-4bca-b8e1-08eb9c9dda0f,30
2882aae2-7e43-4bca-b8e1-08eb9c9dda0f,3
2882aae2-7e43-4bca-b8e1-08eb9c9dda0f,28
2882aae2-7e43-4bca-b8e1-08eb9c9dda0f,39
2882aae2-7e43-4bca-b8e1-08eb9c9dda0f,1
2882aae2-7e43-4bca-b8e1-08eb9c9dda0f,49
b6b9a756-709f-4d07-b215-5dc908d2e119,13
b6b9a756-709f-4d07-b215-5dc908d2e119,33
b6b9a756-709f-4d07-b215-5dc908d2e119,4
b6b9a756-709f-4d07-b215-5dc908d2e119,9
b6b9a756-709f-4d07-b215-5dc908d2e119,42
cee4b897-634f-4ef8-8251-6b70309e16b0,47
cee4b897-634f-4ef8-8251-6b70309e16b0,39
cee4b897-634f-4ef8-8251-6b70309e16b0,27
cee4b897-634f-4ef8-8251-6b70309e16b0,36
cee4b897-634f-4ef8-8251-6b70309e16b0,7
cee4b897-634f-4ef8-8251-6b70309e16b0,13
cee4b897-634f-4ef8-8251-6b70309e16b0,33
cee4b897-634f-4ef8-8251-6b70309e16b0,10
9057e8a1-6f71-4336-90c3-855aab8c264c,2
9057e8a1-6f71-4336-90c3-855aab8c264c,13
9057e8a1-6f71-4336-90c3-855aab8c264c,37
9057e8a1-6f71-4336-90c3-855aab8c264c,44
9057e8a1-6f71-4336-90c3-855aab8c264c,49
9057e8a1-6f71-4336-90c3-855aab8c264c,38
9057e8a1-6f71-4336-90c3-855aab8c264c,8
9057e8a1-6f71-4336-90c3-855aab8c264c,20
02028635-1a1d-4b03-a602-a6c0639c310b,46
02028635-1a1d-4b03-a602-a6c0639c310b,18
02028635-1a1d-4b03-a602-a6c0639c310b,22
02028635-1a1d-4b03-a602-a6c0639c310b,11
02028635-1a1d-4b03-a602-a6c0639c310b,39
02028635-1a1d-4b03-a602-a6c0639c310b,49
6241e933-03bb-42ed-b975-73d9b7a36610,30
6241e933-03bb-42ed-b975-73d9b7a36610,11
6241e933-03bb-42ed-b975-73d9b7a36610,19
6241e933-03bb-42ed-b975-73d9b7a36610,33
6241e933-03bb-42ed-b975-73d9b7a36610,50
6241e933-03bb-42ed-b975-73d9b7a36610,43
6241e933-03bb-42ed-b975-73d9b7a36610,22
6241e933-03bb-42ed-b975-73d9b7a36610,2
287531f6-45ba-4400-8bfc-2dde98e22f3d,21
287531f6-45ba-4400-8bfc-2dde98e22f3d,29
287531f6-45ba-4400-8bfc-2dde98e22f3d,32
887134c7-6fcd-47da-816c-33bd54541380,45
887134c7-6fcd-47da-816c-33bd54541380,5
887134c7-6fcd-47da-816c-33bd54541380,36
d19f09b2-ccf4-4406-9e56-85db440cb7db,33
d19f09b2-ccf4-4406-9e56-85db440cb7db,24
d19f09b2-ccf4-4406-9e56-85db440cb7db,11
4fc35e5d-8a2f-4a0a-a46f-63a735ee1e09,43
4fc35e5d-8a2f-4a0a-a46f-63a735ee1e09,38
4fc35e5d-8a2f-4a0a-a46f-63a735ee1e09,32
4fc35e5d-8a2f-4a0a-a46f-63a735ee1e09,33
4fc35e5d-8a2f-4a0a-a46f-63a735ee1e09,29
4fc35e5d-8a2f-4a0a-a46f-63a735ee1e09,2
4fc35e5d-8a2f-4a0a-a46f-63a735ee1e09,19
1a068264-75a2-45b2-86ab-dd8679295268,15
1a068264-75a2-45b2-86ab-dd8679295268,37
1a068264-75a2-45b2-86ab-dd8679295268,33
1a068264-75a2-45b2-86ab-dd8679295268,6
1a068264-75a2-45b2-86ab-dd8679295268,18
1a068264-75a2-45b2-86ab-dd8679295268,12
69b530ea-c45a-4d0b-b636-6af8477e33cb,3
69b530ea-c45a-4d0b-b636-6af8477e33cb,28
69b530ea-c45a-4d0b-b636-6af8477e33cb,11
bea5f318-311b-4641-9227-16b95130b2b0,14
bea5f318-311b-4641-9227-16b95130b2b0,42
bea5f318-311b-4641-9227-16b95130b2b0,44
bea5f318-311b-4641-9227-16b95130b2b0,30
662f6260-6921-4fe3-8533-74dfe51be773,44
662f6260-6921-4fe3-8533-74dfe51be773,34
662f6260-6921-4fe3-8533-74dfe51be773,50
2aef4bb8-c2b4-4cf8-adac-8a69d7c0365c,50
2aef4bb8-c2b4-4cf8-adac-8a69d7c0365c,12
2aef4bb8-c2b4-4cf8-adac-8a69d7c0365c,6
068909a2-2098-4b65-b19a-83fc3f07dd86,4
068909a2-2098-4b65-b19a-83fc3f07dd86,18
068909a2-2098-4b65-b19a-83fc3f07dd86,25
068909a2-2098-4b65-b19a-83fc3f07dd86,26
068909a2-2098-4b65-b19a-83fc3f07dd86,7
068909a2-2098-4b65-b19a-83fc3f07dd86,20
6f7fd02e-93e0-4632-9640-c44c18ecb3fd,5
6f7fd02e-93e0-4632-9640-c44c18ecb3fd,8
6f7fd02e-93e0-4632-9640-c44c18ecb3fd,41
6f7fd02e-93e0-4632-9640-c44c18ecb3fd,29
6f7fd02e-93e0-4632-9640-c44c18ecb3fd,38
00e48ca6-0cd9-4a25-ae07-562cbd3839fc,50
00e48ca6-0cd9-4a25-ae07-562cbd3839fc,5
00e48ca6-0cd9-4a25-ae07-562cbd3839fc,46
756adfd5-e8e7-49be-8485-f257f814e166,35
756adfd5-e8e7-49be-8485-f257f814e166,44
756adfd5-e8e7-49be-8485-f257f814e166,48
756adfd5-e8e7-49be-8485-f257f814e166,10
756adfd5-e8e7-49be-8485-f257f814e166,21
4406a4e5-0b52-4b6c-92c7-c451663403b6,26
4406a4e5-0b52-4b6c-92c7-c451663403b6,39
4406a4e5-0b52-4b6c-92c7-c451663403b6,22
dd0ed128-f393-4431-af3b-fbbae04ad617,47
dd0ed128-f393-4431-af3b-fbbae04ad617,5
dd0ed128-f393-4431-af3b-fbbae04ad617,41
dd0ed128-f393-4431-af3b-fbbae04ad617,18
dd0ed128-f393-4431-af3b-fbbae04ad617,17
dd0ed128-f393-4431-af3b-fbbae04ad617,1
5fa5dc55-347e-4608-9531-17462691296e,29
5fa5dc55-347e-4608-9531-17462691296e,16
5fa5dc55-347e-4608-9531-17462691296e,4
d6a3a4a2-ae5c-4e19-b641-712384f55da9,47
d6a3a4a2-ae5c-4e19-b641-712384f55da9,28
d6a3a4a2-ae5c-4e19-b641-712384f55da9,5
d6a3a4a2-ae5c-4e19-b641-712384f55da9,19
d6a3a4a2-ae5c-4e19-b641-712384f55da9,44
d6a3a4a2-ae5c-4e19-b641-712384f55da9,23
d6a3a4a2-ae5c-4e19-b641-712384f55da9,41
d6a3a4a2-ae5c-4e19-b641-712384f55da9,1
c0c6369e-44c2-41ea-a55c-6e68122f07b8,21
c0c6369e-44c2-41ea-a55c-6e68122f07b8,3
c0c6369e-44c2-41ea-a55c-6e68122f07b8,12
c0c6369e-44c2-41ea-a55c-6e68122f07b8,49
c0c6369e-44c2-41ea-a55c-6e68122f07b8,14
aa1ce417-de37-4e66-824c-c83a9ff11881,11
aa1ce417-de37-4e66-824c-c83a9ff11881,20
aa1ce417-de37-4e66-824c-c83a9ff11881,37
aa1ce417-de37-4e66-824c-c83a9ff11881,43
17830f45-be1e-4fab-8a59-eabc2f9ec49b,37
17830f45-be1e-4fab-8a59-eabc2f9ec49b,18
17830f45-be1e-4fab-8a59-eabc2f9ec49b,30
17830f45-be1e-4fab-8a59-eabc2f9ec49b,24
17830f45-be1e-4fab-8a59-eabc2f9ec49b,32
17830f45-be1e-4fab-8a59-eabc2f9ec49b,4
17830f45-be1e-4fab-8a59-eabc2f9ec49b,16
f8630b43-fc73-44a6-8ff1-84c7059c9c26,37
f8630b43-fc73-44a6-8ff1-84c7059c9c26,27
f8630b43-fc73-44a6-8ff1-84c7059c9c26,50
f8630b43-fc73-44a6-8ff1-84c7059c9c26,34
f8630b43-fc73-44a6-8ff1-84c7059c9c26,36
9c3dfca6-81b4-409f-95f7-405f9e7398e4,24
9c3dfca6-81b4-409f-95f7-405f9e7398e4,49
9c3dfca6-81b4-409f-95f7-405f9e7398e4,2
9c3dfca6-81b4-409f-95f7-405f9e7398e4,26
9c3dfca6-81b4-409f-95f7-405f9e7398e4,5
9c3dfca6-81b4-409f-95f7-405f9e7398e4,1
01e12e35-31a9-4440-b20c-84b8eb346cb1,28
01e12e35-31a9-4440-b20c-84b8eb346cb1,38
01e12e35-31a9-4440-b20c-84b8eb346cb1,9
a6095194-6470-4bd6-8582-6cd7ab6b3f38,46
a6095194-6470-4bd6-8582-6cd7ab6b3f38,20
a6095194-6470-4bd6-8582-6cd7ab6b3f38,47
a6095194-6470-4bd6-8582-6cd7ab6b3f38,38
d7cb59fc-d887-491a-bbe0-158f0199bfe0,41
d7cb59fc-d887-491a-bbe0-158f0199bfe0,19
d7cb59fc-d887-491a-bbe0-158f0199bfe0,49
d7cb59fc-d887-491a-bbe0-158f0199bfe0,43
d7cb59fc-d887-491a-bbe0-158f0199bfe0,12
d7cb59fc-d887-491a-bbe0-158f0199bfe0,35
5b10c3d6-2acd-447a-ac25-a417959dad2d,35
5b10c3d6-2acd-447a-ac25-a417959dad2d,17
5b10c3d6-2acd-447a-ac25-a417959dad2d,31
5b10c3d6-2acd-447a-ac25-a417959dad2d,50
5b10c3d6-2acd-447a-ac25-a417959dad2d,26
5b10c3d6-2acd-447a-ac25-a417959dad2d,48
5b10c3d6-2acd-447a-ac25-a417959dad2d,15
e680ec9d-48d5-44d2-807e-397a80f5dbf8,38
e680ec9d-48d5-44d2-807e-397a80f5dbf8,36
e680ec9d-48d5-44d2-807e-397a80f5dbf8,26
e680ec9d-48d5-44d2-807e-397a80f5dbf8,2
0fdaeeae-b53c-46bd-b5de-32f5dccea793,19
0fdaeeae-b53c-46bd-b5de-32f5dccea793,41
0fdaeeae-b53c-46bd-b5de-32f5dccea793,18
0fdaeeae-b53c-46bd-b5de-32f5dccea793,12
0fdaeeae-b53c-46bd-b5de-32f5dccea793,28
0fdaeeae-b53c-46bd-b5de-32f5dccea793,44
0fdaeeae-b53c-46bd-b5de-32f5dccea793,27
ac3da67f-2ab7-49a1-974d-a0cf4ceed993,48
ac3da67f-2ab7-49a1-974d-a0cf4ceed993,35
ac3da67f-2ab7-49a1-974d-a0cf4ceed993,23
ac3da67f-2ab7-49a1-974d-a0cf4ceed993,50
ac3da67f-2ab7-49a1-974d-a0cf4ceed993,3
2b3184ce-76d4-4e6e-829a-fe23cfeaf2f9,36
2b3184ce-76d4-4e6e-829a-fe23cfeaf2f9,50
2b3184ce-76d4-4e6e-829a-fe23cfeaf2f9,44
2b3184ce-76d4-4e6e-829a-fe23cfeaf2f9,2
2b3184ce-76d4-4e6e-829a-fe23cfeaf2f9,25
2b3184ce-76d4-4e6e-829a-fe23cfeaf2f9,26
2b3184ce-76d4-4e6e-829a-fe23cfeaf2f9,17
aee126b8-f9b4-46f4-bb28-d419d7bfb554,16
aee126b8-f9b4-46f4-bb28-d419d7bfb554,27
aee126b8-f9b4-46f4-bb28-d419d7bfb554,45
aee126b8-f9b4-46f4-bb28-d419d7bfb554,5
aee126b8-f9b4-46f4-bb28-d419d7bfb554,10
aee126b8-f9b4-46f4-bb28-d419d7bfb554,47
db9deb26-b646-43dc-a3ba-f068a00996ce,36
db9deb26-b646-43dc-a3ba-f068a00996ce,45
db9deb26-b646-43dc-a3ba-f068a00996ce,25
db9deb26-b646-43dc-a3ba-f068a00996ce,31
db9deb26-b646-43dc-a3ba-f068a00996ce,44
db9deb26-b646-43dc-a3ba-f068a00996ce,23
939755be-090c-4dd3-82e2-a77c1becf230,18
939755be-090c-4dd3-82e2-a77c1becf230,39
939755be-090c-4dd3-82e2-a77c1becf230,49
939755be-090c-4dd3-82e2-a77c1becf230,36
939755be-090c-4dd3-82e2-a77c1becf230,44
edef1b75-68b3-486d-b8dd-9932a94c56da,48
edef1b75-68b3-486d-b8dd-9932a94c56da,17
edef1b75-68b3-486d-b8dd-9932a94c56da,15
edef1b75-68b3-486d-b8dd-9932a94c56da,2
edef1b75-68b3-486d-b8dd-9932a94c56da,38
edef1b75-68b3-486d-b8dd-9932a94c56da,3
edef1b75-68b3-486d-b8dd-9932a94c56da,25
f9045681-987a-4d62-aa91-84f2e48b1149,29
f9045681-987a-4d62-aa91-84f2e48b1149,16
f9045681-987a-4d62-aa91-84f2e48b1149,15
3adcef97-5ff3-4021-8cb5-55685b927080,41
3adcef97-5ff3-4021-8cb5-55685b927080,36
3adcef97-5ff3-4021-8cb5-55685b927080,22
3adcef97-5ff3-4021-8cb5-55685b927080,47
a6b7b9d7-bab5-4ebb-8257-c6dd3fe85a5e,1
a6b7b9d7-bab5-4ebb-8257-c6dd3fe85a5e,37
a6b7b9d7-bab5-4ebb-8257-c6dd3fe85a5e,2
a6b7b9d7-bab5-4ebb-8257-c6dd3fe85a5e,50
a6b7b9d7-bab5-4ebb-8257-c6dd3fe85a5e,40
a6b7b9d7-bab5-4ebb-8257-c6dd3fe85a5e,10
3ecf88f6-f126-4ac7-82ac-4325b7c9702a,31
3ecf88f6-f126-4ac7-82ac-4325b7c9702a,39
3ecf88f6-f126-4ac7-82ac-4325b7c9702a,27
f051e502-d763-46bc-8be6-1563a400fe0c,12
f051e502-d763-46bc-8be6-1563a400fe0c,20
f051e502-d763-46bc-8be6-1563a400fe0c,6
12bcdd1c-78eb-46f7-96ea-5d86682dc742,7
12bcdd1c-78eb-46f7-96ea-5d86682dc742,19
12bcdd1c-78eb-46f7-96ea-5d86682dc742,40
12bcdd1c-78eb-46f7-96ea-5d86682dc742,2
12bcdd1c-78eb-46f7-96ea-5d86682dc742,31
12bcdd1c-78eb-46f7-96ea-5d86682dc742,44
12bcdd1c-78eb-46f7-96ea-5d86682dc742,32
f9367f25-8346-4d84-9943-75e533ab6995,40
f9367f25-8346-4d84-9943-75e533ab6995,22
f9367f25-8346-4d84-9943-75e533ab6995,10
f9367f25-8346-4d84-9943-75e533ab6995,30
f9367f25-8346-4d84-9943-75e533ab6995,11
f9367f25-8346-4d84-9943-75e533ab6995,5
f9367f25-8346-4d84-9943-75e533ab6995,21
f9367f25-8346-4d84-9943-75e533ab6995,15
09c70d5d-0515-4749-a357-4e9e41cf4328,24
09c70d5d-0515-4749-a357-4e9e41cf4328,18
09c70d5d-0515-4749-a357-4e9e41cf4328,25
09c70d5d-0515-4749-a357-4e9e41cf4328,41
b5cee167-faa7-4155-8b36-f63df8819623,35
b5cee167-faa7-4155-8b36-f63df8819623,44
b5cee167-faa7-4155-8b36-f63df8819623,33
b5cee167-faa7-4155-8b36-f63df8819623,29
b5cee167-faa7-4155-8b36-f63df8819623,13
b5cee167-faa7-4155-8b36-f63df8819623,48
b5cee167-faa7-4155-8b36-f63df8819623,39
b5cee167-faa7-4155-8b36-f63df8819623,3
46941f91-8a5c-4165-ba31-81f0392a32ae,12
46941f91-8a5c-4165-ba31-81f0392a32ae,40
46941f91-8a5c-4165-ba31-81f0392a32ae,21
46941f91-8a5c-4165-ba31-81f0392a32ae,48
46941f91-8a5c-4165-ba31-81f0392a32ae,2
46941f91-8a5c-4165-ba31-81f0392a32ae,27
46941f91-8a5c-4165-ba31-81f0392a32ae,19
7ccf455d-f8bf-4a04-bc92-f5addeb7eed3,44
7ccf455d-f8bf-4a04-bc92-f5addeb7eed3,48
7ccf455d-f8bf-4a04-bc92-f5addeb7eed3,21
7ccf455d-f8bf-4a04-bc92-f5addeb7eed3,18
7ccf455d-f8bf-4a04-bc92-f5addeb7eed3,7
7ccf455d-f8bf-4a04-bc92-f5addeb7eed3,3
c04ccfdf-21e6-43a1-9f14-892ea52021a1,12
c04ccfdf-21e6-43a1-9f14-892ea52021a1,50
c04ccfdf-21e6-43a1-9f14-892ea52021a1,33
c04ccfdf-21e6-43a1-9f14-892ea52021a1,32
c04ccfdf-21e6-43a1-9f14-892ea52021a1,34
c04ccfdf-21e6-43a1-9f14-892ea52021a1,11
c04ccfdf-21e6-43a1-9f14-892ea52021a1,31
418a2ed4-cf39-4f21-a9fe-cc4181134749,20
418a2ed4-cf39-4f21-a9fe-cc4181134749,15
418a2ed4-cf39-4f21-a9fe-cc4181134749,40
418a2ed4-cf39-4f21-a9fe-cc4181134749,11
418a2ed4-cf39-4f21-a9fe-cc4181134749,26
26cf986d-6373-4a68-a7c4-c69066c9c52b,25
26cf986d-6373-4a68-a7c4-c69066c9c52b,39
26cf986d-6373-4a68-a7c4-c69066c9c52b,26
26cf986d-6373-4a68-a7c4-c69066c9c52b,8
26cf986d-6373-4a68-a7c4-c69066c9c52b,14
26cf986d-6373-4a68-a7c4-c69066c9c52b,6
26cf986d-6373-4a68-a7c4-c69066c9c52b,12
c1016e80-579b-482b-aa77-51b859bd874f,12
c1016e80-579b-482b-aa77-51b859bd874f,41
c1016e80-579b-482b-aa77-51b859bd874f,38
c1016e80-579b-482b-aa77-51b859bd874f,40
c1016e80-579b-482b-aa77-51b859bd874f,6
c1016e80-579b-482b-aa77-51b859bd874f,31
c1016e80-579b-482b-aa77-51b859bd874f,27
c1016e80-579b-482b-aa77-51b859bd874f,29
7e41e08d-cfc6-4491-b92a-617b78aec65a,32
7e41e08d-cfc6-4491-b92a-617b78aec65a,27
7e41e08d-cfc6-4491-b92a-617b78aec65a,33
7e41e08d-cfc6-4491-b92a-617b78aec65a,41
1f8ebdfb-6a79-4372-be4d-908ef583f303,39
1f8ebdfb-6a79-4372-be4d-908ef583f303,27
1f8ebdfb-6a79-4372-be4d-908ef583f303,22
1f8ebdfb-6a79-4372-be4d-908ef583f303,30
1f8ebdfb-6a79-4372-be4d-908ef583f303,43
1f8ebdfb-6a79-4372-be4d-908ef583f303,45
1f8ebdfb-6a79-4372-be4d-908ef583f303,4
1f8ebdfb-6a79-4372-be4d-908ef583f303,48
6f87df20-b2f9-49ab-ae85-b4084d6cdd35,20
6f87df20-b2f9-49ab-ae85-b4084d6cdd35,14
6f87df20-b2f9-49ab-ae85-b4084d6cdd35,28
911cb350-5995-4a41-8353-aace261a5cfb,48
911cb350-5995-4a41-8353-aace261a5cfb,3
911cb350-5995-4a41-8353-aace261a5cfb,47
911cb350-5995-4a41-8353-aace261a5cfb,40
911cb350-5995-4a41-8353-aace261a5cfb,46
f85b3c5c-c858-4271-8f6f-ef6c17b8c912,2
f85b3c5c-c858-4271-8f6f-ef6c17b8c912,27
f85b3c5c-c858-4271-8f6f-ef6c17b8c912,7
f85b3c5c-c858-4271-8f6f-ef6c17b8c912,49
f85b3c5c-c858-4271-8f6f-ef6c17b8c912,38
3bf33dd1-a7f2-44b5-9c75-af35a7e642cc,39
3bf33dd1-a7f2-44b5-9c75-af35a7e642cc,34
3bf33dd1-a7f2-44b5-9c75-af35a7e642cc,44
3bf33dd1-a7f2-44b5-9c75-af35a7e642cc,40
3bf33dd1-a7f2-44b5-9c75-af35a7e642cc,46
3bf33dd1-a7f2-44b5-9c75-af35a7e642cc,23
3bf33dd1-a7f2-44b5-9c75-af35a7e642cc,31
f4f63d37-d5f2-4bb6-ae6b-5a9672a5c7ea,21
f4f63d37-d5f2-4bb6-ae6b-5a9672a5c7ea,10
f4f63d37-d5f2-4bb6-ae6b-5a9672a5c7ea,42
2885dfa2-250e-4dba-bcc6-404802ddc49e,3
2885dfa2-250e-4dba-bcc6-404802ddc49e,10
2885dfa2-250e-4dba-bcc6-404802ddc49e,15
2885dfa2-250e-4dba-bcc6-404802ddc49e,41
2885dfa2-250e-4dba-bcc6-404802ddc49e,24
83274870-c746-4d34-993e-0846588ae92c,48
83274870-c746-4d34-993e-0846588ae92c,11
83274870-c746-4d34-993e-0846588ae92c,10
83274870-c746-4d34-993e-0846588ae92c,37
83274870-c746-4d34-993e-0846588ae92c,29
83274870-c746-4d34-993e-0846588ae92c,44
83274870-c746-4d34-993e-0846588ae92c,32
83274870-c746-4d34-993e-0846588ae92c,21
5acafe11-c217-4dc6-a334-a987d3d4b271,13
5acafe11-c217-4dc6-a334-a987d3d4b271,26
5acafe11-c217-4dc6-a334-a987d3d4b271,50
5acafe11-c217-4dc6-a334-a987d3d4b271,28
ab83815a-80d9-4b5e-925c-78e33174c82e,10
ab83815a-80d9-4b5e-925c-78e33174c82e,13
ab83815a-80d9-4b5e-925c-78e33174c82e,7
ab83815a-80d9-4b5e-925c-78e33174c82e,49
ab83815a-80d9-4b5e-925c-78e33174c82e,35
ab83815a-80d9-4b5e-925c-78e33174c82e,46
ab83815a-80d9-4b5e-925c-78e33174c82e,21
d60f5bd6-8aad-4598-9982-aad74586f703,29
d60f5bd6-8aad-4598-9982-aad74586f703,30
d60f5bd6-8aad-4598-9982-aad74586f703,27
d60f5bd6-8aad-4598-9982-aad74586f703,15
d60f5bd6-8aad-4598-9982-aad74586f703,50
db128282-94a7-4ab1-95f5-7377464e5ed4,50
db128282-94a7-4ab1-95f5-7377464e5ed4,24
db128282-94a7-4ab1-95f5-7377464e5ed4,18
db128282-94a7-4ab1-95f5-7377464e5ed4,39
db128282-94a7-4ab1-95f5-7377464e5ed4,14
db128282-94a7-4ab1-95f5-7377464e5ed4,29
21b69a55-9aa4-400a-8607-45d1e79bc266,45
21b69a55-9aa4-400a-8607-45d1e79bc266,9
21b69a55-9aa4-400a-8607-45d1e79bc266,16
06d7b68f-9c96-410d-8062-262e6ba95fb8,9
06d7b68f-9c96-410d-8062-262e6ba95fb8,1
06d7b68f-9c96-410d-8062-262e6ba95fb8,5
06d7b68f-9c96-410d-8062-262e6ba95fb8,40
56899afd-adb6-4e68-a9d9-8fdf746cd652,49
56899afd-adb6-4e68-a9d9-8fdf746cd652,12
56899afd-adb6-4e68-a9d9-8fdf746cd652,44
56899afd-adb6-4e68-a9d9-8fdf746cd652,33
56899afd-adb6-4e68-a9d9-8fdf746cd652,5
ab7512b9-da42-4f2d-acdc-6634817999ff,33
ab7512b9-da42-4f2d-acdc-6634817999ff,19
ab7512b9-da42-4f2d-acdc-6634817999ff,9
85c7eada-d60c-44c0-9e6d-470ced1aa7cc,7
85c7eada-d60c-44c0-9e6d-470ced1aa7cc,4
85c7eada-d60c-44c0-9e6d-470ced1aa7cc,2
85c7eada-d60c-44c0-9e6d-470ced1aa7cc,40
85c7eada-d60c-44c0-9e6d-470ced1aa7cc,25
85c7eada-d60c-44c0-9e6d-470ced1aa7cc,43
85c7eada-d60c-44c0-9e6d-470ced1aa7cc,24
85c7eada-d60c-44c0-9e6d-470ced1aa7cc,27
6bd294db-0e16-4175-88a8-3a1198e00d98,13
6bd294db-0e16-4175-88a8-3a1198e00d98,9
6bd294db-0e16-4175-88a8-3a1198e00d98,27
3ed8cb73-79d6-463b-8f40-00eb16fbc6c5,44
3ed8cb73-79d6-463b-8f40-00eb16fbc6c5,36
3ed8cb73-79d6-463b-8f40-00eb16fbc6c5,10
3ed8cb73-79d6-463b-8f40-00eb16fbc6c5,12
3ed8cb73-79d6-463b-8f40-00eb16fbc6c5,8
3ed8cb73-79d6-463b-8f40-00eb16fbc6c5,41
3ed8cb73-79d6-463b-8f40-00eb16fbc6c5,3
3ed8cb73-79d6-463b-8f40-00eb16fbc6c5,23
90996939-02d2-4080-b3b0-54a417bd0c19,36
90996939-02d2-4080-b3b0-54a417bd0c19,3
90996939-02d2-4080-b3b0-54a417bd0c19,43
90996939-02d2-4080-b3b0-54a417bd0c19,50
90996939-02d2-4080-b3b0-54a417bd0c19,2
f9d9013c-55b3-4c0c-86b6-2f2b10adb1f3,34
f9d9013c-55b3-4c0c-86b6-2f2b10adb1f3,30
f9d9013c-55b3-4c0c-86b6-2f2b10adb1f3,33
1af90d89-c4d7-4d04-9a48-3b18b9dc505d,50
1af90d89-c4d7-4d04-9a48-3b18b9dc505d,38
1af90d89-c4d7-4d04-9a48-3b18b9dc505d,43
1af90d89-c4d7-4d04-9a48-3b18b9dc505d,1
1af90d89-c4d7-4d04-9a48-3b18b9dc505d,4
1af90d89-c4d7-4d04-9a48-3b18b9dc505d,41
1af90d89-c4d7-4d04-9a48-3b18b9dc505d,45
1af90d89-c4d7-4d04-9a48-3b18b9dc505d,14
7d92de2a-caa1-4d36-ad8f-d9a4eb7c1f8b,12
7d92de2a-caa1-4d36-ad8f-d9a4eb7c1f8b,21
7d92de2a-caa1-4d36-ad8f-d9a4eb7c1f8b,37
7d92de2a-caa1-4d36-ad8f-d9a4eb7c1f8b,46
7d92de2a-caa1-4d36-ad8f-d9a4eb7c1f8b,14
7d92de2a-caa1-4d36-ad8f-d9a4eb7c1f8b,35
7d92de2a-caa1-4d36-ad8f-d9a4eb7c1f8b,10
5c953b07-db5d-40aa-bd0f-e3d15383f8c6,43
5c953b07-db5d-40aa-bd0f-e3d15383f8c6,5
5c953b07-db5d-40aa-bd0f-e3d15383f8c6,31
5c953b07-db5d-40aa-bd0f-e3d15383f8c6,11
5c953b07-db5d-40aa-bd0f-e3d15383f8c6,8
5c953b07-db5d-40aa-bd0f-e3d15383f8c6,7
5c953b07-db5d-40aa-bd0f-e3d15383f8c6,13
6badb761-d5ba-413f-82a8-d1e652c9bd42,48
6badb761-d5ba-413f-82a8-d1e652c9bd42,47
6badb761-d5ba-413f-82a8-d1e652c9bd42,27
6badb761-d5ba-413f-82a8-d1e652c9bd42,35
6badb761-d5ba-413f-82a8-d1e652c9bd42,49
8e865d89-fa62-4f4a-ab6f-70364b6a742d,18
8e865d89-fa62-4f4a-ab6f-70364b6a742d,26
8e865d89-fa62-4f4a-ab6f-70364b6a742d,22
8e865d89-fa62-4f4a-ab6f-70364b6a742d,3
8e865d89-fa62-4f4a-ab6f-70364b6a742d,36
ea2f2b2f-a3b2-418e-94c1-9711dafb0913,15
ea2f2b2f-a3b2-418e-94c1-9711dafb0913,18
ea2f2b2f-a3b2-418e-94c1-9711dafb0913,23
ea2f2b2f-a3b2-418e-94c1-9711dafb0913,2
ea2f2b2f-a3b2-418e-94c1-9711dafb0913,1
9c05800d-48d7-4d24-a5d8-96ba8332d164,12
9c05800d-48d7-4d24-a5d8-96ba8332d164,29
9c05800d-48d7-4d24-a5d8-96ba8332d164,33
9c05800d-48d7-4d24-a5d8-96ba8332d164,20
9c05800d-48d7-4d24-a5d8-96ba8332d164,16
90697751-737d-4531-ac7a-1e8402ff6c45,43
90697751-737d-4531-ac7a-1e8402ff6c45,2
90697751-737d-4531-ac7a-1e8402ff6c45,5
90697751-737d-4531-ac7a-1e8402ff6c45,15
412b8198-5987-420e-aa09-5475fa988ec8,47
412b8198-5987-420e-aa09-5475fa988ec8,33
412b8198-5987-420e-aa09-5475fa988ec8,10
412b8198-5987-420e-aa09-5475fa988ec8,39
4211b99d-6865-4351-af60-bc8af60f7f93,4
4211b99d-6865-4351-af60-bc8af60f7f93,24
4211b99d-6865-4351-af60-bc8af60f7f93,31
4211b99d-6865-4351-af60-bc8af60f7f93,6
4211b99d-6865-4351-af60-bc8af60f7f93,9
4211b99d-6865-4351-af60-bc8af60f7f93,44
bbac898d-b20d-473d-b800-e5ea89451592,24
bbac898d-b20d-473d-b800-e5ea89451592,37
bbac898d-b20d-473d-b800-e5ea89451592,17
bbac898d-b20d-473d-b800-e5ea89451592,2
bbac898d-b20d-473d-b800-e5ea89451592,35
bbac898d-b20d-473d-b800-e5ea89451592,14
7570eec0-f29f-4f6e-8c40-2763bcc7854a,41
7570eec0-f29f-4f6e-8c40-2763bcc7854a,15
7570eec0-f29f-4f6e-8c40-2763bcc7854a,24
7570eec0-f29f-4f6e-8c40-2763bcc7854a,9
e5a3ad92-1a11-41a0-8fdd-d11722f5cab8,42
e5a3ad92-1a11-41a0-8fdd-d11722f5cab8,18
e5a3ad92-1a11-41a0-8fdd-d11722f5cab8,1
7ed31cdf-f6eb-4b0b-bdd1-26fd09285ce2,31
7ed31cdf-f6eb-4b0b-bdd1-26fd09285ce2,50
7ed31cdf-f6eb-4b0b-bdd1-26fd09285ce2,27
7ed31cdf-f6eb-4b0b-bdd1-26fd09285ce2,44
7ed31cdf-f6eb-4b0b-bdd1-26fd09285ce2,23
7ed31cdf-f6eb-4b0b-bdd1-26fd09285ce2,30
7ed31cdf-f6eb-4b0b-bdd1-26fd09285ce2,43
7ed31cdf-f6eb-4b0b-bdd1-26fd09285ce2,13
76c84ca4-6b22-4b75-b51a-1b88b1f14861,40
76c84ca4-6b22-4b75-b51a-1b88b1f14861,3
76c84ca4-6b22-4b75-b51a-1b88b1f14861,23
76c84ca4-6b22-4b75-b51a-1b88b1f14861,2
76c84ca4-6b22-4b75-b51a-1b88b1f14861,50
76c84ca4-6b22-4b75-b51a-1b88b1f14861,18
76c84ca4-6b22-4b75-b51a-1b88b1f14861,29
76c84ca4-6b22-4b75-b51a-1b88b1f14861,24
27df90f5-58b7-49aa-a135-9fe5027ae650,31
27df90f5-58b7-49aa-a135-9fe5027ae650,19
27df90f5-58b7-49aa-a135-9fe5027ae650,27
27df90f5-58b7-49aa-a135-9fe5027ae650,16
27df90f5-58b7-49aa-a135-9fe5027ae650,42
abcbd491-b4ad-49f2-8eb0-fd7044bb8592,18
abcbd491-b4ad-49f2-8eb0-fd7044bb8592,42
abcbd491-b4ad-49f2-8eb0-fd7044bb8592,16
abcbd491-b4ad-49f2-8eb0-fd7044bb8592,47
abcbd491-b4ad-49f2-8eb0-fd7044bb8592,39
145ea32b-30d5-4e23-b045-af3afc42533b,14
145ea32b-30d5-4e23-b045-af3afc42533b,27
145ea32b-30d5-4e23-b045-af3afc42533b,29
145ea32b-30d5-4e23-b045-af3afc42533b,36
145ea32b-30d5-4e23-b045-af3afc42533b,35
145ea32b-30d5-4e23-b045-af3afc42533b,17
2a3470c5-4bc4-4343-a6df-32c6381e5660,21
2a3470c5-4bc4-4343-a6df-32c6381e5660,43
2a3470c5-4bc4-4343-a6df-32c6381e5660,41
a77c0930-ef45-4ae0-8681-314cbe5a1330,8
a77c0930-ef45-4ae0-8681-314cbe5a1330,19
a77c0930-ef45-4ae0-8681-314cbe5a1330,40
a77c0930-ef45-4ae0-8681-314cbe5a1330,32
7b4bd60c-45b6-4996-b521-7c6b106eab72,39
7b4bd60c-45b6-4996-b521-7c6b106eab72,23
7b4bd60c-45b6-4996-b521-7c6b106eab72,25
7b4bd60c-45b6-4996-b521-7c6b106eab72,6
7b4bd60c-45b6-4996-b521-7c6b106eab72,16
7b4bd60c-45b6-4996-b521-7c6b106eab72,43
7b4bd60c-45b6-4996-b521-7c6b106eab72,30
bec2f917-8778-48d4-90e5-7a21a207146a,42
bec2f917-8778-48d4-90e5-7a21a207146a,11
bec2f917-8778-48d4-90e5-7a21a207146a,35
ad65ea92-31da-46d7-a690-9174a7920322,15
ad65ea92-31da-46d7-a690-9174a7920322,34
ad65ea92-31da-46d7-a690-9174a7920322,48
ad65ea92-31da-46d7-a690-9174a7920322,11
5fef4675-0c48-44e7-ba87-222fcecf3762,7
5fef4675-0c48-44e7-ba87-222fcecf3762,28
5fef4675-0c48-44e7-ba87-222fcecf3762,39
5fef4675-0c48-44e7-ba87-222fcecf3762,34
8b9f2c47-10b0-4cbf-9c25-a129576bec6b,19
8b9f2c47-10b0-4cbf-9c25-a129576bec6b,45
8b9f2c47-10b0-4cbf-9c25-a129576bec6b,3
8b9f2c47-10b0-4cbf-9c25-a129576bec6b,39
8b9f2c47-10b0-4cbf-9c25-a129576bec6b,18
96501013-6e51-4a1d-9297-348edc9ded77,17
96501013-6e51-4a1d-9297-348edc9ded77,29
96501013-6e51-4a1d-9297-348edc9ded77,11
96501013-6e51-4a1d-9297-348edc9ded77,37
96501013-6e51-4a1d-9297-348edc9ded77,21
96501013-6e51-4a1d-9297-348edc9ded77,39
8db8f11f-17d8-4806-b4c1-a206abc6431c,11
8db8f11f-17d8-4806-b4c1-a206abc6431c,12
8db8f11f-17d8-4806-b4c1-a206abc6431c,34
5dd065a4-5cde-41d8-b22d-b0ae4a00e62f,27
5dd065a4-5cde-41d8-b22d-b0ae4a00e62f,24
5dd065a4-5cde-41d8-b22d-b0ae4a00e62f,36
5dd065a4-5cde-41d8-b22d-b0ae4a00e62f,29
5dd065a4-5cde-41d8-b22d-b0ae4a00e62f,47
5dd065a4-5cde-41d8-b22d-b0ae4a00e62f,23
8cad3a49-d392-4c01-9ef6-dad7756bf78f,7
8cad3a49-d392-4c01-9ef6-dad7756bf78f,31
8cad3a49-d392-4c01-9ef6-dad7756bf78f,30
8cad3a49-d392-4c01-9ef6-dad7756bf78f,38
8cad3a49-d392-4c01-9ef6-dad7756bf78f,19
7f11e9d0-14b8-4f6c-b419-703c8f1d13cd,25
7f11e9d0-14b8-4f6c-b419-703c8f1d13cd,42
7f11e9d0-14b8-4f6c-b419-703c8f1d13cd,37
7f11e9d0-14b8-4f6c-b419-703c8f1d13cd,32
7f11e9d0-14b8-4f6c-b419-703c8f1d13cd,24
899ad2fa-9502-43f6-8e67-d811a3138df7,47
899ad2fa-9502-43f6-8e67-d811a3138df7,37
899ad2fa-9502-43f6-8e67-d811a3138df7,32
899ad2fa-9502-43f6-8e67-d811a3138df7,18
899ad2fa-9502-43f6-8e67-d811a3138df7,4
899ad2fa-9502-43f6-8e67-d811a3138df7,23
63b0d550-c1e4-48b9-ae50-e3905ba2348c,18
63b0d550-c1e4-48b9-ae50-e3905ba2348c,28
63b0d550-c1e4-48b9-ae50-e3905ba2348c,45
dd1b7041-abc1-474a-b83c-1c73e3ecb0ec,13
dd1b7041-abc1-474a-b83c-1c73e3ecb0ec,10
dd1b7041-abc1-474a-b83c-1c73e3ecb0ec,17
f7dd4c35-62d8-4b2a-bbb7-87e48ee3f398,32
f7dd4c35-62d8-4b2a-bbb7-87e48ee3f398,28
f7dd4c35-62d8-4b2a-bbb7-87e48ee3f398,47
f7dd4c35-62d8-4b2a-bbb7-87e48ee3f398,35
f7dd4c35-62d8-4b2a-bbb7-87e48ee3f398,33
f7dd4c35-62d8-4b2a-bbb7-87e48ee3f398,13
f7dd4c35-62d8-4b2a-bbb7-87e48ee3f398,17
f7dd4c35-62d8-4b2a-bbb7-87e48ee3f398,18
9ad2c497-44d5-4374-aab4-5ece0b673518,46
9ad2c497-44d5-4374-aab4-5ece0b673518,10
9ad2c497-44d5-4374-aab4-5ece0b673518,44
9ad2c497-44d5-4374-aab4-5ece0b673518,1
0a4fa2ef-05bd-4478-acc0-ce470d1891c4,48
0a4fa2ef-05bd-4478-acc0-ce470d1891c4,33
0a4fa2ef-05bd-4478-acc0-ce470d1891c4,30
0a4fa2ef-05bd-4478-acc0-ce470d1891c4,26
0a4fa2ef-05bd-4478-acc0-ce470d1891c4,9
0a4fa2ef-05bd-4478-acc0-ce470d1891c4,19
0a4fa2ef-05bd-4478-acc0-ce470d1891c4,21
d2dcbe58-11b3-44d4-9dd0-e696b8b26260,38
d2dcbe58-11b3-44d4-9dd0-e696b8b26260,1
d2dcbe58-11b3-44d4-9dd0-e696b8b26260,26
d2dcbe58-11b3-44d4-9dd0-e696b8b26260,19
d2dcbe58-11b3-44d4-9dd0-e696b8b26260,32
1bb67fa6-135d-4ea1-8c26-c1786e0a3cb4,23
1bb67fa6-135d-4ea1-8c26-c1786e0a3cb4,43
1bb67fa6-135d-4ea1-8c26-c1786e0a3cb4,9
1bb67fa6-135d-4ea1-8c26-c1786e0a3cb4,1
1bb67fa6-135d-4ea1-8c26-c1786e0a3cb4,45
1bb67fa6-135d-4ea1-8c26-c1786e0a3cb4,10
1bb67fa6-135d-4ea1-8c26-c1786e0a3cb4,34
1bb67fa6-135d-4ea1-8c26-c1786e0a3cb4,47
cffec907-4f4c-431a-8ed7-cf12dcf28452,15
cffec907-4f4c-431a-8ed7-cf12dcf28452,42
cffec907-4f4c-431a-8ed7-cf12dcf28452,28
cffec907-4f4c-431a-8ed7-cf12dcf28452,43
cffec907-4f4c-431a-8ed7-cf12dcf28452,46
975d3246-6b37-45cd-9cbc-8ae29142d105,17
975d3246-6b37-45cd-9cbc-8ae29142d105,47
975d3246-6b37-45cd-9cbc-8ae29142d105,23
975d3246-6b37-45cd-9cbc-8ae29142d105,50
975d3246-6b37-45cd-9cbc-8ae29142d105,12
975d3246-6b37-45cd-9cbc-8ae29142d105,44
975d3246-6b37-45cd-9cbc-8ae29142d105,24
975d3246-6b37-45cd-9cbc-8ae29142d105,43
22decc89-6e14-4912-af2c-c555f9685918,2
22decc89-6e14-4912-af2c-c555f9685918,46
22decc89-6e14-4912-af2c-c555f9685918,27
22decc89-6e14-4912-af2c-c555f9685918,5
22decc89-6e14-4912-af2c-c555f9685918,35
22decc89-6e14-4912-af2c-c555f9685918,13
082538f4-177f-41f1-8f46-492bb7249506,49
082538f4-177f-41f1-8f46-492bb7249506,20
082538f4-177f-41f1-8f46-492bb7249506,42
082538f4-177f-41f1-8f46-492bb7249506,1
082538f4-177f-41f1-8f46-492bb7249506,37
082538f4-177f-41f1-8f46-492bb7249506,14
082538f4-177f-41f1-8f46-492bb7249506,23
082538f4-177f-41f1-8f46-492bb7249506,45
6129f756-be8b-47d9-a27a-9b7f18211147,20
6129f756-be8b-47d9-a27a-9b7f18211147,37
6129f756-be8b-47d9-a27a-9b7f18211147,26
6129f756-be8b-47d9-a27a-9b7f18211147,11
6129f756-be8b-47d9-a27a-9b7f18211147,7
24919822-09e2-4dba-b15a-0093ab3aedb9,11
24919822-09e2-4dba-b15a-0093ab3aedb9,40
24919822-09e2-4dba-b15a-0093ab3aedb9,29
24919822-09e2-4dba-b15a-0093ab3aedb9,1
24919822-09e2-4dba-b15a-0093ab3aedb9,3
49470ac0-efa4-4fdd-b93f-eee5e4ef1699,23
49470ac0-efa4-4fdd-b93f-eee5e4ef1699,15
49470ac0-efa4-4fdd-b93f-eee5e4ef1699,18
49470ac0-efa4-4fdd-b93f-eee5e4ef1699,7
5a8c9c9b-a621-4f4b-9958-9d2688276371,21
5a8c9c9b-a621-4f4b-9958-9d2688276371,26
5a8c9c9b-a621-4f4b-9958-9d2688276371,32
5a8c9c9b-a621-4f4b-9958-9d2688276371,4
5a8c9c9b-a621-4f4b-9958-9d2688276371,43
5a8c9c9b-a621-4f4b-9958-9d2688276371,34
321bb8a6-5ba2-4dff-a30d-ae9cd56dc091,20
321bb8a6-5ba2-4dff-a30d-ae9cd56dc091,37
321bb8a6-5ba2-4dff-a30d-ae9cd56dc091,46
321bb8a6-5ba2-4dff-a30d-ae9cd56dc091,3
74799de6-c839-4424-8077-86b2e3777c65,44
74799de6-c839-4424-8077-86b2e3777c65,49
74799de6-c839-4424-8077-86b2e3777c65,17
74799de6-c839-4424-8077-86b2e3777c65,33
74799de6-c839-4424-8077-86b2e3777c65,46
74799de6-c839-4424-8077-86b2e3777c65,32
74799de6-c839-4424-8077-86b2e3777c65,24
74799de6-c839-4424-8077-86b2e3777c65,3
c6d7c0ac-9964-46df-b783-c51b6ef566ed,9
c6d7c0ac-9964-46df-b783-c51b6ef566ed,10
c6d7c0ac-9964-46df-b783-c51b6ef566ed,29
c6d7c0ac-9964-46df-b783-c51b6ef566ed,34
c6d7c0ac-9964-46df-b783-c51b6ef566ed,17
c6d7c0ac-9964-46df-b783-c51b6ef566ed,25
c6d7c0ac-9964-46df-b783-c51b6ef566ed,4
c6d7c0ac-9964-46df-b783-c51b6ef566ed,13
ea9ed95e-badc-415e-a84e-3a4f3c33cdad,4
ea9ed95e-badc-415e-a84e-3a4f3c33cdad,48
ea9ed95e-badc-415e-a84e-3a4f3c33cdad,50
ea9ed95e-badc-415e-a84e-3a4f3c33cdad,26
0b59e360-54f9-460c-8c6d-30c41adb56b4,31
0b59e360-54f9-460c-8c6d-30c41adb56b4,7
0b59e360-54f9-460c-8c6d-30c41adb56b4,9
0b59e360-54f9-460c-8c6d-30c41adb56b4,47
0b59e360-54f9-460c-8c6d-30c41adb56b4,3
0b59e360-54f9-460c-8c6d-30c41adb56b4,26
0b59e360-54f9-460c-8c6d-30c41adb56b4,24
0b59e360-54f9-460c-8c6d-30c41adb56b4,35
696fc9ea-b3c4-4b20-a1b4-0200f721cecf,33
696fc9ea-b3c4-4b20-a1b4-0200f721cecf,45
696fc9ea-b3c4-4b20-a1b4-0200f721cecf,43
696fc9ea-b3c4-4b20-a1b4-0200f721cecf,22
696fc9ea-b3c4-4b20-a1b4-0200f721cecf,4
696fc9ea-b3c4-4b20-a1b4-0200f721cecf,11
696fc9ea-b3c4-4b20-a1b4-0200f721cecf,41
3cd0751f-5420-4ff8-91f3-514231792ac4,5
3cd0751f-5420-4ff8-91f3-514231792ac4,33
3cd0751f-5420-4ff8-91f3-514231792ac4,18
3cd0751f-5420-4ff8-91f3-514231792ac4,42
556781a4-c411-4d25-b468-913351a4c304,16
556781a4-c411-4d25-b468-913351a4c304,23
556781a4-c411-4d25-b468-913351a4c304,28
556781a4-c411-4d25-b468-913351a4c304,33
556781a4-c411-4d25-b468-913351a4c304,26
428a45a4-e316-4f47-86b4-77ef86e272f3,49
428a45a4-e316-4f47-86b4-77ef86e272f3,31
428a45a4-e316-4f47-86b4-77ef86e272f3,48
428a45a4-e316-4f47-86b4-77ef86e272f3,22
428a45a4-e316-4f47-86b4-77ef86e272f3,15
0378b939-b1b8-4e35-9a34-b4b347e99010,24
0378b939-b1b8-4e35-9a34-b4b347e99010,12
0378b939-b1b8-4e35-9a34-b4b347e99010,15
0378b939-b1b8-4e35-9a34-b4b347e99010,48
13f71d77-95a8-49ab-9daf-e3da8c370439,30
13f71d77-95a8-49ab-9daf-e3da8c370439,42
13f71d77-95a8-49ab-9daf-e3da8c370439,2
13f71d77-95a8-49ab-9daf-e3da8c370439,10
30a72988-b123-492c-8077-ebc2b5a08524,2
30a72988-b123-492c-8077-ebc2b5a08524,8
30a72988-b123-492c-8077-ebc2b5a08524,21
30a72988-b123-492c-8077-ebc2b5a08524,12
30a72988-b123-492c-8077-ebc2b5a08524,38
30a72988-b123-492c-8077-ebc2b5a08524,14
30a72988-b123-492c-8077-ebc2b5a08524,40
d8232b41-78d0-4a55-b18e-d85a8db79bff,2
d8232b41-78d0-4a55-b18e-d85a8db79bff,37
d8232b41-78d0-4a55-b18e-d85a8db79bff,12
d8232b41-78d0-4a55-b18e-d85a8db79bff,42
d8232b41-78d0-4a55-b18e-d85a8db79bff,36
5ddcb05c-6e5e-4bc6-957c-56f4811ad479,49
5ddcb05c-6e5e-4bc6-957c-56f4811ad479,29
5ddcb05c-6e5e-4bc6-957c-56f4811ad479,19
5ddcb05c-6e5e-4bc6-957c-56f4811ad479,50
5ddcb05c-6e5e-4bc6-957c-56f4811ad479,38
5ddcb05c-6e5e-4bc6-957c-56f4811ad479,36
f40d3806-27c6-4e0c-889e-1d91e01f97be,34
f40d3806-27c6-4e0c-889e-1d91e01f97be,43
f40d3806-27c6-4e0c-889e-1d91e01f97be,37
f40d3806-27c6-4e0c-889e-1d91e01f97be,50
f40d3806-27c6-4e0c-889e-1d91e01f97be,46
0c2d5199-2a23-402d-92f7-9421d62837db,38
0c2d5199-2a23-402d-92f7-9421d62837db,11
0c2d5199-2a23-402d-92f7-9421d62837db,3
0c2d5199-2a23-402d-92f7-9421d62837db,39
0c2d5199-2a23-402d-92f7-9421d62837db,4
0c2d5199-2a23-402d-92f7-9421d62837db,50
ff829431-488f-4a85-8054-28263a6ad91e,49
ff829431-488f-4a85-8054-28263a6ad91e,1
ff829431-488f-4a85-8054-28263a6ad91e,4
ff829431-488f-4a85-8054-28263a6ad91e,3
ff829431-488f-4a85-8054-28263a6ad91e,30
ff829431-488f-4a85-8054-28263a6ad91e,34
ff829431-488f-4a85-8054-28263a6ad91e,48
c75127ed-e484-4ed3-ae49-c942c64cd961,47
c75127ed-e484-4ed3-ae49-c942c64cd961,44
c75127ed-e484-4ed3-ae49-c942c64cd961,35
c75127ed-e484-4ed3-ae49-c942c64cd961,50
c75127ed-e484-4ed3-ae49-c942c64cd961,34
c75127ed-e484-4ed3-ae49-c942c64cd961,16
c75127ed-e484-4ed3-ae49-c942c64cd961,20
c8a4c7ea-9685-4710-b183-5c4bd36608b5,42
c8a4c7ea-9685-4710-b183-5c4bd36608b5,12
c8a4c7ea-9685-4710-b183-5c4bd36608b5,13
c8a4c7ea-9685-4710-b183-5c4bd36608b5,10
dea78168-2e67-4e43-84ee-88a5af8413b0,43
dea78168-2e67-4e43-84ee-88a5af8413b0,35
dea78168-2e67-4e43-84ee-88a5af8413b0,29
dea78168-2e67-4e43-84ee-88a5af8413b0,42
dea78168-2e67-4e43-84ee-88a5af8413b0,24
dea78168-2e67-4e43-84ee-88a5af8413b0,19
a7b8a888-b7fb-4f73-8eca-11c26fc66343,20
a7b8a888-b7fb-4f73-8eca-11c26fc66343,25
a7b8a888-b7fb-4f73-8eca-11c26fc66343,49
a7b8a888-b7fb-4f73-8eca-11c26fc66343,2
a7b8a888-b7fb-4f73-8eca-11c26fc66343,13
a7b8a888-b7fb-4f73-8eca-11c26fc66343,37
a7b8a888-b7fb-4f73-8eca-11c26fc66343,47
e680ab7f-c08a-436b-a4a8-fbe7eb8c7910,45
e680ab7f-c08a-436b-a4a8-fbe7eb8c7910,32
e680ab7f-c08a-436b-a4a8-fbe7eb8c7910,29
3d6abae1-1400-4045-b5a3-29f3ee339e23,15
3d6abae1-1400-4045-b5a3-29f3ee339e23,16
3d6abae1-1400-4045-b5a3-29f3ee339e23,45
3d6abae1-1400-4045-b5a3-29f3ee339e23,10
3d6abae1-1400-4045-b5a3-29f3ee339e23,44
3d6abae1-1400-4045-b5a3-29f3ee339e23,26
2e8d0b39-2172-4c02-9475-0ef92c157802,37
2e8d0b39-2172-4c02-9475-0ef92c157802,4
2e8d0b39-2172-4c02-9475-0ef92c157802,24
2e8d0b39-2172-4c02-9475-0ef92c157802,44
2e8d0b39-2172-4c02-9475-0ef92c157802,15
5088d320-c164-489c-8501-1ca56f1ae805,15
5088d320-c164-489c-8501-1ca56f1ae805,25
5088d320-c164-489c-8501-1ca56f1ae805,36
5088d320-c164-489c-8501-1ca56f1ae805,32
5088d320-c164-489c-8501-1ca56f1ae805,43
5088d320-c164-489c-8501-1ca56f1ae805,6
b15392d2-0af3-4d74-acd8-ecf4144addbc,27
b15392d2-0af3-4d74-acd8-ecf4144addbc,16
b15392d2-0af3-4d74-acd8-ecf4144addbc,12
b15392d2-0af3-4d74-acd8-ecf4144addbc,42
b15392d2-0af3-4d74-acd8-ecf4144addbc,45
b15392d2-0af3-4d74-acd8-ecf4144addbc,41
b15392d2-0af3-4d74-acd8-ecf4144addbc,5
b15392d2-0af3-4d74-acd8-ecf4144addbc,31
dda62d42-db6c-407c-808d-6a2f8df3f807,11
dda62d42-db6c-407c-808d-6a2f8df3f807,9
dda62d42-db6c-407c-808d-6a2f8df3f807,7
dda62d42-db6c-407c-808d-6a2f8df3f807,36
dda62d42-db6c-407c-808d-6a2f8df3f807,45
d98c5907-2f55-4a2e-a667-9111475acfcc,47
d98c5907-2f55-4a2e-a667-9111475acfcc,3
d98c5907-2f55-4a2e-a667-9111475acfcc,28
d98c5907-2f55-4a2e-a667-9111475acfcc,37
d98c5907-2f55-4a2e-a667-9111475acfcc,42
d98c5907-2f55-4a2e-a667-9111475acfcc,2
d98c5907-2f55-4a2e-a667-9111475acfcc,50
6dedcf16-d99e-49db-8183-717efd38f8e3,45
6dedcf16-d99e-49db-8183-717efd38f8e3,4
6dedcf16-d99e-49db-8183-717efd38f8e3,34
6dedcf16-d99e-49db-8183-717efd38f8e3,1
6dedcf16-d99e-49db-8183-717efd38f8e3,41
6dedcf16-d99e-49db-8183-717efd38f8e3,21
6dedcf16-d99e-49db-8183-717efd38f8e3,36
3b0aa3b7-76e7-4774-a7ed-3829109ff6d7,36
3b0aa3b7-76e7-4774-a7ed-3829109ff6d7,47
3b0aa3b7-76e7-4774-a7ed-3829109ff6d7,49
3b0aa3b7-76e7-4774-a7ed-3829109ff6d7,21
3b0aa3b7-76e7-4774-a7ed-3829109ff6d7,20
3b0aa3b7-76e7-4774-a7ed-3829109ff6d7,33
3b0aa3b7-76e7-4774-a7ed-3829109ff6d7,43
3b0aa3b7-76e7-4774-a7ed-3829109ff6d7,45
30b6de35-c0b9-40c0-8727-821637f811e0,28
30b6de35-c0b9-40c0-8727-821637f811e0,11
30b6de35-c0b9-40c0-8727-821637f811e0,3
30b6de35-c0b9-40c0-8727-821637f811e0,2
30b6de35-c0b9-40c0-8727-821637f811e0,23
30b6de35-c0b9-40c0-8727-821637f811e0,49
de344fb9-913e-400c-aea8-bf7770d284f5,23
de344fb9-913e-400c-aea8-bf7770d284f5,22
de344fb9-913e-400c-aea8-bf7770d284f5,50
de344fb9-913e-400c-aea8-bf7770d284f5,4
a4517375-985a-4f53-8ebc-9e1e5955d6b6,36
a4517375-985a-4f53-8ebc-9e1e5955d6b6,33
a4517375-985a-4f53-8ebc-9e1e5955d6b6,39
a4517375-985a-4f53-8ebc-9e1e5955d6b6,40
a4517375-985a-4f53-8ebc-9e1e5955d6b6,37
a4517375-985a-4f53-8ebc-9e1e5955d6b6,34
a4517375-985a-4f53-8ebc-9e1e5955d6b6,5
9097703e-83ec-4580-bade-4a12b4db1cfc,8
9097703e-83ec-4580-bade-4a12b4db1cfc,17
9097703e-83ec-4580-bade-4a12b4db1cfc,28
9097703e-83ec-4580-bade-4a12b4db1cfc,47
9097703e-83ec-4580-bade-4a12b4db1cfc,35
93c5b10c-c4dc-4dd3-85cc-d57adb9f2692,3
93c5b10c-c4dc-4dd3-85cc-d57adb9f2692,22
93c5b10c-c4dc-4dd3-85cc-d57adb9f2692,8
93c5b10c-c4dc-4dd3-85cc-d57adb9f2692,13
93c5b10c-c4dc-4dd3-85cc-d57adb9f2692,4
93c5b10c-c4dc-4dd3-85cc-d57adb9f2692,27
93c5b10c-c4dc-4dd3-85cc-d57adb9f2692,34
14caefb0-db73-472e-9160-d64b73f983e6,47
14caefb0-db73-472e-9160-d64b73f983e6,32
14caefb0-db73-472e-9160-d64b73f983e6,33
14caefb0-db73-472e-9160-d64b73f983e6,36
14caefb0-db73-472e-9160-d64b73f983e6,42
14caefb0-db73-472e-9160-d64b73f983e6,13
14caefb0-db73-472e-9160-d64b73f983e6,29
14caefb0-db73-472e-9160-d64b73f983e6,1
166bd8f2-645c-4665-a521-505e4f6a3b50,5
166bd8f2-645c-4665-a521-505e4f6a3b50,35
166bd8f2-645c-4665-a521-505e4f6a3b50,3
166bd8f2-645c-4665-a521-505e4f6a3b50,16
166bd8f2-645c-4665-a521-505e4f6a3b50,26
166bd8f2-645c-4665-a521-505e4f6a3b50,2
166bd8f2-645c-4665-a521-505e4f6a3b50,49
f8acddf5-1933-4865-b4b3-2bc7be974467,22
f8acddf5-1933-4865-b4b3-2bc7be974467,32
f8acddf5-1933-4865-b4b3-2bc7be974467,13
f8acddf5-1933-4865-b4b3-2bc7be974467,4
f8acddf5-1933-4865-b4b3-2bc7be974467,16
f8acddf5-1933-4865-b4b3-2bc7be974467,50
500b9031-ba12-41d6-aa2c-2391b9614985,23
500b9031-ba12-41d6-aa2c-2391b9614985,29
500b9031-ba12-41d6-aa2c-2391b9614985,47
500b9031-ba12-41d6-aa2c-2391b9614985,43
500b9031-ba12-41d6-aa2c-2391b9614985,38
500b9031-ba12-41d6-aa2c-2391b9614985,45
500b9031-ba12-41d6-aa2c-2391b9614985,11
5a65a04a-b063-4761-89a9-7b36923afbf3,49
5a65a04a-b063-4761-89a9-7b36923afbf3,7
5a65a04a-b063-4761-89a9-7b36923afbf3,12
5a65a04a-b063-4761-89a9-7b36923afbf3,45
5a65a04a-b063-4761-89a9-7b36923afbf3,31
5a65a04a-b063-4761-89a9-7b36923afbf3,30
600ba976-2b49-4bef-9acc-4b31f5eaadf5,38
600ba976-2b49-4bef-9acc-4b31f5eaadf5,49
600ba976-2b49-4bef-9acc-4b31f5eaadf5,3
600ba976-2b49-4bef-9acc-4b31f5eaadf5,14
600ba976-2b49-4bef-9acc-4b31f5eaadf5,5
600ba976-2b49-4bef-9acc-4b31f5eaadf5,41
600ba976-2b49-4bef-9acc-4b31f5eaadf5,34
600ba976-2b49-4bef-9acc-4b31f5eaadf5,37
49840b54-a0d7-4a2e-ab93-5b2abde7febf,47
49840b54-a0d7-4a2e-ab93-5b2abde7febf,8
49840b54-a0d7-4a2e-ab93-5b2abde7febf,31
49840b54-a0d7-4a2e-ab93-5b2abde7febf,20
49840b54-a0d7-4a2e-ab93-5b2abde7febf,25
49840b54-a0d7-4a2e-ab93-5b2abde7febf,32
49840b54-a0d7-4a2e-ab93-5b2abde7febf,13
89e75796-fc7b-4d09-8bfa-fe50a9fdef81,26
89e75796-fc7b-4d09-8bfa-fe50a9fdef81,48
89e75796-fc7b-4d09-8bfa-fe50a9fdef81,46
89e75796-fc7b-4d09-8bfa-fe50a9fdef81,29
89e75796-fc7b-4d09-8bfa-fe50a9fdef81,6
89e75796-fc7b-4d09-8bfa-fe50a9fdef81,50
89e75796-fc7b-4d09-8bfa-fe50a9fdef81,3
0952c097-9270-47c0-b6ef-51c5e25d8332,7
0952c097-9270-47c0-b6ef-51c5e25d8332,49
0952c097-9270-47c0-b6ef-51c5e25d8332,36
cc5e28da-5d87-4021-9eea-8daabfcfe473,22
cc5e28da-5d87-4021-9eea-8daabfcfe473,35
cc5e28da-5d87-4021-9eea-8daabfcfe473,21
cc5e28da-5d87-4021-9eea-8daabfcfe473,17
cc5e28da-5d87-4021-9eea-8daabfcfe473,41
cc5e28da-5d87-4021-9eea-8daabfcfe473,46
c17974fe-9321-4e9c-aae4-476986ace629,24
c17974fe-9321-4e9c-aae4-476986ace629,28
c17974fe-9321-4e9c-aae4-476986ace629,35
ee0ba9e4-d163-4c2d-866f-934854aca5d6,31
ee0ba9e4-d163-4c2d-866f-934854aca5d6,15
ee0ba9e4-d163-4c2d-866f-934854aca5d6,46
ee0ba9e4-d163-4c2d-866f-934854aca5d6,10
a89fd15f-a28f-4deb-aced-19ed35d82ea2,4
a89fd15f-a28f-4deb-aced-19ed35d82ea2,19
a89fd15f-a28f-4deb-aced-19ed35d82ea2,44
eb20ab3b-3d5e-475f-a4e8-981d96b4f517,3
eb20ab3b-3d5e-475f-a4e8-981d96b4f517,2
eb20ab3b-3d5e-475f-a4e8-981d96b4f517,50
eb20ab3b-3d5e-475f-a4e8-981d96b4f517,37
eb20ab3b-3d5e-475f-a4e8-981d96b4f517,18
55916229-d124-4188-8ac9-1a87e039862f,15
55916229-d124-4188-8ac9-1a87e039862f,27
55916229-d124-4188-8ac9-1a87e039862f,20
55916229-d124-4188-8ac9-1a87e039862f,50
55916229-d124-4188-8ac9-1a87e039862f,41
55916229-d124-4188-8ac9-1a87e039862f,40
55916229-d124-4188-8ac9-1a87e039862f,7
55916229-d124-4188-8ac9-1a87e039862f,48
0d8f8a0e-54a4-4c6e-b849-7dd8647384cc,50
0d8f8a0e-54a4-4c6e-b849-7dd8647384cc,48
0d8f8a0e-54a4-4c6e-b849-7dd8647384cc,14
0d8f8a0e-54a4-4c6e-b849-7dd8647384cc,46
0d8f8a0e-54a4-4c6e-b849-7dd8647384cc,3
0d8f8a0e-54a4-4c6e-b849-7dd8647384cc,22
a82b57e7-29e7-4b4f-8c8a-1db506aa570c,9
a82b57e7-29e7-4b4f-8c8a-1db506aa570c,18
a82b57e7-29e7-4b4f-8c8a-1db506aa570c,15
a82b57e7-29e7-4b4f-8c8a-1db506aa570c,34
a82b57e7-29e7-4b4f-8c8a-1db506aa570c,50
a82b57e7-29e7-4b4f-8c8a-1db506aa570c,35
a82b57e7-29e7-4b4f-8c8a-1db506aa570c,23
2051c42d-4ae9-498e-9592-c83be5e4bd6a,9
2051c42d-4ae9-498e-9592-c83be5e4bd6a,50
2051c42d-4ae9-498e-9592-c83be5e4bd6a,1
2051c42d-4ae9-498e-9592-c83be5e4bd6a,30
2051c42d-4ae9-498e-9592-c83be5e4bd6a,14
2051c42d-4ae9-498e-9592-c83be5e4bd6a,37
2051c42d-4ae9-498e-9592-c83be5e4bd6a,29
2051c42d-4ae9-498e-9592-c83be5e4bd6a,13
65963040-c078-4c60-aab4-48647d7dbeeb,2
65963040-c078-4c60-aab4-48647d7dbeeb,39
65963040-c078-4c60-aab4-48647d7dbeeb,36
65963040-c078-4c60-aab4-48647d7dbeeb,3
65963040-c078-4c60-aab4-48647d7dbeeb,11
65963040-c078-4c60-aab4-48647d7dbeeb,42
45dcdd69-ec0e-455e-bc9c-452c1277abbd,34
45dcdd69-ec0e-455e-bc9c-452c1277abbd,14
45dcdd69-ec0e-455e-bc9c-452c1277abbd,27
45dcdd69-ec0e-455e-bc9c-452c1277abbd,18
45dcdd69-ec0e-455e-bc9c-452c1277abbd,15
45dcdd69-ec0e-455e-bc9c-452c1277abbd,33
45dcdd69-ec0e-455e-bc9c-452c1277abbd,25
ff01cf5d-574b-4d97-8495-594ec0799af7,30
ff01cf5d-574b-4d97-8495-594ec0799af7,18
ff01cf5d-574b-4d97-8495-594ec0799af7,11
98517a39-fea2-4a0e-8b79-994f73b3d516,37
98517a39-fea2-4a0e-8b79-994f73b3d516,25
98517a39-fea2-4a0e-8b79-994f73b3d516,5
98517a39-fea2-4a0e-8b79-994f73b3d516,26
98517a39-fea2-4a0e-8b79-994f73b3d516,20
98517a39-fea2-4a0e-8b79-994f73b3d516,47
98517a39-fea2-4a0e-8b79-994f73b3d516,21
7425beab-4908-4c10-8dde-4266d981c084,26
7425beab-4908-4c10-8dde-4266d981c084,6
7425beab-4908-4c10-8dde-4266d981c084,37
7425beab-4908-4c10-8dde-4266d981c084,43
7425beab-4908-4c10-8dde-4266d981c084,47
88213de8-d51d-4d38-983c-7348937d38a5,40
88213de8-d51d-4d38-983c-7348937d38a5,9
88213de8-d51d-4d38-983c-7348937d38a5,39
88213de8-d51d-4d38-983c-7348937d38a5,14
1cc64bfb-150a-416d-9037-1cb5a1ecd6be,6
1cc64bfb-150a-416d-9037-1cb5a1ecd6be,35
1cc64bfb-150a-416d-9037-1cb5a1ecd6be,13
1cc64bfb-150a-416d-9037-1cb5a1ecd6be,3
1cc64bfb-150a-416d-9037-1cb5a1ecd6be,39
1cc64bfb-150a-416d-9037-1cb5a1ecd6be,4
93233a8e-c69c-4694-8d68-4e6ec409cfd8,47
93233a8e-c69c-4694-8d68-4e6ec409cfd8,19
93233a8e-c69c-4694-8d68-4e6ec409cfd8,27
93233a8e-c69c-4694-8d68-4e6ec409cfd8,10
93233a8e-c69c-4694-8d68-4e6ec409cfd8,7
93233a8e-c69c-4694-8d68-4e6ec409cfd8,3
93233a8e-c69c-4694-8d68-4e6ec409cfd8,28
1f61a48e-b4f4-46f4-8c3a-3308cc131bf2,37
1f61a48e-b4f4-46f4-8c3a-3308cc131bf2,6
1f61a48e-b4f4-46f4-8c3a-3308cc131bf2,4
1f61a48e-b4f4-46f4-8c3a-3308cc131bf2,20
1f61a48e-b4f4-46f4-8c3a-3308cc131bf2,40
1f61a48e-b4f4-46f4-8c3a-3308cc131bf2,33
1f61a48e-b4f4-46f4-8c3a-3308cc131bf2,27
1f61a48e-b4f4-46f4-8c3a-3308cc131bf2,47
8e3fadfb-e27c-44c4-9c15-9e11c392d595,41
8e3fadfb-e27c-44c4-9c15-9e11c392d595,15
8e3fadfb-e27c-44c4-9c15-9e11c392d595,21
8e3fadfb-e27c-44c4-9c15-9e11c392d595,1
8e3fadfb-e27c-44c4-9c15-9e11c392d595,23
8e3fadfb-e27c-44c4-9c15-9e11c392d595,25
8e3fadfb-e27c-44c4-9c15-9e11c392d595,9
74c5cb63-6402-4b0b-a539-1d74ba477ef0,45
74c5cb63-6402-4b0b-a539-1d74ba477ef0,20
74c5cb63-6402-4b0b-a539-1d74ba477ef0,17
74c5cb63-6402-4b0b-a539-1d74ba477ef0,21
9686ef87-7c6e-42f5-bd7c-dc52ff25b392,10
9686ef87-7c6e-42f5-bd7c-dc52ff25b392,32
9686ef87-7c6e-42f5-bd7c-dc52ff25b392,20
9686ef87-7c6e-42f5-bd7c-dc52ff25b392,35
9686ef87-7c6e-42f5-bd7c-dc52ff25b392,8
9686ef87-7c6e-42f5-bd7c-dc52ff25b392,24
9686ef87-7c6e-42f5-bd7c-dc52ff25b392,31
9686ef87-7c6e-42f5-bd7c-dc52ff25b392,9
d6401702-971e-446f-b2b9-9fbbc468a98b,37
d6401702-971e-446f-b2b9-9fbbc468a98b,17
d6401702-971e-446f-b2b9-9fbbc468a98b,40
